<?xml version="1.0" encoding="utf-8"?>
<Configuration xmlns:xsd="http://www.w3.org/2001/XMLSchema" xmlns:xsi="http://www.w3.org/2001/XMLSchema-instance">
	<Meta>
		<Version>2.59</Version>
		<PreferUserConfiguration>false</PreferUserConfiguration>
		<OmitItemsWithDefaultValues>true</OmitItemsWithDefaultValues>
		<DpiFactorX>1.25</DpiFactorX>
		<DpiFactorY>1.25</DpiFactorY>
	</Meta>
	<Application>
		<LastUsedFile>
			<Path>..\..\OneDrive - NTT DATA EMEAL\Security\KeePassDataBase.kdbx</Path>
			<CredProtMode>Obf</CredProtMode>
			<CredSaveMode>NoSave</CredSaveMode>
		</LastUsedFile>
		<MostRecentlyUsed>
			<MaxItemCount>12</MaxItemCount>
			<Items>
				<ConnectionInfo>
					<Path>..\..\OneDrive - NTT DATA EMEAL\Security\KeePassDataBase.kdbx</Path>
					<CredProtMode>Obf</CredProtMode>
					<CredSaveMode>NoSave</CredSaveMode>
				</ConnectionInfo>
			</Items>
		</MostRecentlyUsed>
		<WorkingDirectories>
			<Item>Database@..\..\OneDrive - NTT DATA EMEAL\Security</Item>
		</WorkingDirectories>
		<Start>
			<CheckForUpdate>false</CheckForUpdate>
			<CheckForUpdateConfigured>true</CheckForUpdateConfigured>
		</Start>
		<FileOpening />
		<FileClosing />
		<TriggerSystem>
			<Triggers />
		</TriggerSystem>
		<PluginCompatibility />
	</Application>
	<Logging />
	<MainWindow>
		<X>411</X>
		<Y>274</Y>
		<Width>890</Width>
		<Height>645</Height>
		<SplitterHorizontalFrac>0.8333</SplitterHorizontalFrac>
		<SplitterVerticalFrac>0.25</SplitterVerticalFrac>
		<ToolBar />
		<EntryView />
		<TanView />
		<EntryListColumnCollection>
			<Column>
				<Type>Title</Type>
				<Width>121</Width>
			</Column>
			<Column>
				<Type>UserName</Type>
				<Width>234</Width>
			</Column>
			<Column>
				<Type>Password</Type>
				<Width>121</Width>
				<HideWithAsterisks>true</HideWithAsterisks>
			</Column>
			<Column>
				<Type>Url</Type>
				<Width>121</Width>
			</Column>
			<Column>
				<Type>Notes</Type>
				<Width>121</Width>
			</Column>
		</EntryListColumnCollection>
		<EntryListColumnDisplayOrder>0 1 2 3 4</EntryListColumnDisplayOrder>
		<ListSorting>
			<Order>Ascending</Order>
		</ListSorting>
	</MainWindow>
	<UI>
		<TrayIcon />
		<Hiding>
			<HideInEntryWindow>false</HideInEntryWindow>
		</Hiding>
		<StandardFont>
			<Family>Microsoft Sans Serif</Family>
			<Size>8.25</Size>
			<GraphicsUnit>Point</GraphicsUnit>
			<OverrideUIDefault>false</OverrideUIDefault>
		</StandardFont>
		<PasswordFont>
			<Family>Courier New</Family>
			<Size>8.25</Size>
			<GraphicsUnit>Point</GraphicsUnit>
			<OverrideUIDefault>false</OverrideUIDefault>
		</PasswordFont>
		<BannerStyle>Dark</BannerStyle>
		<DataEditorFont>
			<Family>Microsoft Sans Serif</Family>
			<Size>8.25</Size>
			<GraphicsUnit>Point</GraphicsUnit>
			<OverrideUIDefault>false</OverrideUIDefault>
		</DataEditorFont>
		<UIFlags>0</UIFlags>
		<KeyCreationFlags>0</KeyCreationFlags>
		<KeyPromptFlags>0</KeyPromptFlags>
	</UI>
	<Security>
		<WorkspaceLocking>
			<LockAfterTime>0</LockAfterTime>
			<LockAfterGlobalTime>0</LockAfterGlobalTime>
		</WorkspaceLocking>
		<Policy />
		<MasterPassword>
			<MinimumLength>0</MinimumLength>
			<MinimumQuality>0</MinimumQuality>
		</MasterPassword>
	</Security>
	<Native />
	<PasswordGenerator>
		<AutoGeneratedPasswordsProfile>
			<GeneratorType>CharSet</GeneratorType>
			<Length>20</Length>
			<CharSetRanges>ULD_______</CharSetRanges>
		</AutoGeneratedPasswordsProfile>
		<UserProfiles />
	</PasswordGenerator>
	<Search>
		<LastUsedProfile>
			<SearchMode>Simple</SearchMode>
			<ComparisonMode>InvariantCultureIgnoreCase</ComparisonMode>
		</LastUsedProfile>
		<UserProfiles />
	</Search>
	<Defaults>
		<OptionsTabIndex>0</OptionsTabIndex>
		<KeySources>
			<Association>
				<DatabasePath>..\..\OneDrive - NTT DATA EMEAL\Security\KeePassDataBase.kdbx</DatabasePath>
				<Password>true</Password>
			</Association>
		</KeySources>
		<Duplication />
		<Print>
			<MainFont>
				<Family>Microsoft Sans Serif</Family>
				<Size>8.25</Size>
				<GraphicsUnit>Point</GraphicsUnit>
				<OverrideUIDefault>false</OverrideUIDefault>
			</MainFont>
			<PasswordFont>
				<Family>Courier New</Family>
				<Size>8.25</Size>
				<GraphicsUnit>Point</GraphicsUnit>
				<OverrideUIDefault>false</OverrideUIDefault>
			</PasswordFont>
		</Print>
	</Defaults>
	<Integration>
		<UrlSchemeOverrides>
			<BuiltInOverridesEnabled>0</BuiltInOverridesEnabled>
			<CustomOverrides />
		</UrlSchemeOverrides>
		<AutoTypeAbortOnWindows />
	</Integration>
	<Custom />
</Configuration>